<?xml version="1.0" encoding="UTF-8"?>
<config>
	<database>
		<url>jdbc:mysql://127.0.0.1:3306/</url>
		<name>demo</name>
		<username>root</username>
		<password>root</password>
	</database>
	<tables>		
	</tables>	
	<package>demo</package>
	<output></output>
	<enumNamespace>demo.enums</enumNamespace>
	<domainNamespace>demo.domain</domainNamespace>
	<basePropertys>id,create_time,update_time</basePropertys>
	<creates>
		 
		<create type="domain" output="D:\JavaWorkSpace\archetype\utils.project\src\test\java\demo\domain\" exten=".java" prefix="" appendix="" template="E:/smart/domain.tpl"><![CDATA[/\*\*CreateByCodeGeneratorStart\*/(.*?)/\*\*CreateByCodeGeneratorEnd\*/]]></create>
		<create type="dao" output="D:\JavaWorkSpace\archetype\utils.project\src\test\java\demo\dao\" exten=".java" prefix="" appendix="Mapper" template="E:/smart/dao.tpl"><![CDATA[/\*\*CreateByCodeGeneratorStart\*/(.*?)/\*\*CreateByCodeGeneratorEnd\*/]]></create>
		<create type="mapper" output="D:\JavaWorkSpace\archetype\utils.project\src\test\java\demo\mapper\" exten=".xml" prefix="" appendix="Mapper" template="E:/smart/mapping.tpl"><![CDATA[<\!--CreateByCodeGeneratorStart-->(.*?)<\!--CreateByCodeGeneratorEnd-->]]></create>
		<create type="service" output="D:\JavaWorkSpace\archetype\utils.project\src\test\java\demo\service\" exten=".java" prefix="I" appendix="Service" template="E:/smart/service.tpl"><![CDATA[/\*\*CreateByCodeGeneratorStart\*/(.*?)/\*\*CreateByCodeGeneratorEnd\*/]]></create>
		<create type="serviceImpl" output="D:\JavaWorkSpace\archetype\utils.project\src\test\java\demo\service\impl\" exten=".java" prefix="" appendix="Service" template="E:/smart/serviceImpl.tpl"><![CDATA[/\*\*CreateByCodeGeneratorStart\*/(.*?)/\*\*CreateByCodeGeneratorEnd\*/]]></create>

	</creates>
</config>