<?xml version="1.0" encoding="UTF-8"?>
<config>
	<database>
		<url>jdbc:mysql://127.0.0.1:3306/</url>
		<name>demo</name>
		<username>root</username>
		<password>123456</password>
	</database>
	<tables>
		
	</tables>
	<skipTables>sys_dictionary,sys_dictionary_type</skipTables>
	<package>demo</package>
	<output></output>
	<enumNamespace>demo.enums</enumNamespace>
	<domainNamespace>demo.domain</domainNamespace>
	<basePropertys>id,create_time,update_time</basePropertys>
	<creates>
		 
		<create type="domain" output="E:\smart\archetype\demo\demo.domain\src\main\java\demo\domain\{tableName}.java" template="E:/smart/code/domain.tpl"><![CDATA[/\*\*\s*CreateByCodeGeneratorStart\s*\*/(.*?)/\*\*\s*CreateByCodeGeneratorEnd\s*\*/]]></create>
		<create type="viewObject" output="E:\smart\archetype\demo\demo.domain\src\main\java\demo\viewobject\{tableName}ViewObject.java" template="E:/smart/code/viewObject.tpl"><![CDATA[/\*\*\s*CreateByCodeGeneratorStart\s*\*/(.*?)/\*\*\s*CreateByCodeGeneratorEnd\s*\*/]]></create>
		<create type="mapper" output="E:\smart\archetype\demo\demo.dao\src\main\java\demo\mapper\{tableName}Mapper.xml" template="E:/smart/code/mapping.tpl"><![CDATA[<\!--CreateByCodeGeneratorStart-->(.*?)<\!--CreateByCodeGeneratorEnd-->]]></create>
		
		<create type="service" output="E:\smart\archetype\demo\demo.service\src\main\java\demo\service\I{tableName}Service.java" template="E:/smart/code/service.tpl"></create>
		<create type="dao" output="E:\smart\archetype\demo\demo.dao\src\main\java\demo\dao\{tableName}Mapper.java" template="E:/smart/code/dao.tpl"></create>
		<create type="serviceImpl" output="E:\smart\archetype\demo\demo.service\src\main\java\demo\service\impl\{tableName}Service.java" template="E:/smart/code/serviceImpl.tpl"></create>
		<create type="condition" output="E:\smart\archetype\demo\demo.dao\src\main\java\demo\condition\{tableName}Condition.java" template="E:/smart/code/condition.tpl"></create>
		<create type="control" output="E:\smart\archetype\demo\demo.api\src\main\java\demo\api\control\{tableName}Control.java" template="E:/smart/code/control.tpl"></create>
		
		<create type="add" output="E:\smart\archetype\demo\demo.web\src\main\webapp\page\{tableInstanceName}\add.html" template="E:/smart/code/add.tpl"></create>
		<create type="edit" output="E:\smart\archetype\demo\demo.web\src\main\webapp\page\{tableInstanceName}\edit.html" template="E:/smart/code/edit.tpl"></create>
		<create type="input" output="E:\smart\archetype\demo\demo.web\src\main\webapp\page\{tableInstanceName}\input.html" template="E:/smart/code/input.tpl"></create>
		
		
	</creates>
</config>