<?xml version="1.0" encoding="UTF-8"?>
<config>
	<database>
		<url>jdbc:mysql://10.0.7.207:3306/</url>
		<name>duty</name>
		<username>root</username>
		<password>tym@E20xx_mysql</password>
	</database>
	<tables>
		
	</tables>	
	<package>duty</package>
	<output>D:/code/</output>
	<enumNamespace>duty.enums</enumNamespace>
	<basePropertys>id,create_time,update_time</basePropertys>
	<creates>
		<create type="domain" output="D:/smart/code/duty\domain\" exten=".java" prefix="" appendix="" template="D:/smart/code/domain.tpl"></create>
		<create type="dao" output="D:/smart/code/duty\dao\"  exten=".java" prefix="" appendix="Mapper" template="D:/smart/code/dao.tpl"></create>
		<create type="mapper" output="D:/smart/code/duty\mapper\"  exten=".xml" prefix="" appendix="Mapper" template="D:/smart/code/mapping.tpl"></create>
		<create type="service" output="D:/smart/code/duty\service\" exten=".java" prefix="I" appendix="Service" template="D:/smart/code/service.tpl"></create>
		<create type="serviceImpl" output="D:/smart/code/duty\service\impl\" exten=".java" prefix="" appendix="Service" template="D:/smart/code/serviceImpl.tpl"></create>
		<create type="list" output="D:/smart/code/duty\web\list\" exten=".jsp" prefix="" appendix="" template="D:/smart/code/list.tpl"></create>
		<create type="add" output="D:/smart/code/duty\web\add\" exten=".jsp" prefix="" appendix="" template="D:/smart/code/add.tpl"></create>
		<create type="detail" output="D:/smart/code/duty\web\detail\" exten=".jsp" prefix="" appendix="" template="D:/smart/code/detail.tpl"></create>
	</creates>
</config>