<?xml version="1.0" encoding="UTF-8"?>
<config>
	<database>
		<url>jdbc:mysql://10.0.7.207:3306/</url>
		<name>foundation</name>
		<username>root</username>
		<password>tym@E20xx_mysql</password>
	</database>
	<tables>		
	</tables>	
	<package>foundation</package>
	<output>D:/code/</output>
	<enumNamespace>water.enums</enumNamespace>
	<domainNamespace>water.domain</domainNamespace>
	<basePropertys>id,create_time,update_time</basePropertys>
	<creates>
		<create type="domain" output="D:/smart/code/foundation\domain\" exten=".java" prefix="" appendix="" template="D:/smart/code/domain.tpl"><![CDATA[/\*\*CreateByCodeGeneratorStart\*/(.*?)/\*\*CreateByCodeGeneratorEnd\*/]]></create>
		<create type="dao" output="D:/smart/code/foundation\dao\" exten=".java" prefix="" appendix="Mapper" template="D:/smart/code/dao.tpl"></create>
		<create type="mapper" output="D:/smart/code/foundation\mapper\" exten=".xml" prefix="" appendix="Mapper" template="D:/smart/code/mapping.tpl"><![CDATA[<\!--CreateByCodeGeneratorStart-->(.*?)<\!--CreateByCodeGeneratorEnd-->]]></create>
		<create type="service" output="D:/smart/code/foundation\service\" exten=".java" prefix="I" appendix="Service" template="D:/smart/code/service.tpl"></create>
		<create type="serviceImpl" output="D:/smart/code/foundation\service\impl\" exten=".java" prefix="" appendix="Service" template="D:/smart/code/serviceImpl.tpl"></create>
		<create type="list" output="D:/smart/code/foundation\web\list\" exten=".jsp" prefix="" appendix="" template="D:/smart/code/list.tpl"></create>
		<create type="add" output="D:/smart/code/foundation\web\add\" exten=".jsp" prefix="" appendix="" template="D:/smart/code/add.tpl"></create>
		<create type="detail" output="D:/smart/code/foundation\web\detail\" exten=".jsp" prefix="" appendix="" template="D:/smart/code/detail.tpl"></create>
	</creates>
</config>