<?xml version="1.0" encoding="UTF-8"?>
<config>
	<database>
		<url>jdbc:mysql://127.0.0.1:3306/</url>
		<name>terminal_cloud</name>
		<username>root</username>
		<password>123456</password>
	</database>
	<tables>		
	</tables>	
	<package>cloud</package>
	<output></output>
	<enumNamespace>cloud.enums</enumNamespace>
	<domainNamespace>cloud.domain</domainNamespace>
	<basePropertys>id,create_time,update_time</basePropertys>
	<creates>
		 
		<create type="domain" output="E:\Java\DeviceCloud\cloud.domain\src\main\java\cloud\domain\" exten=".java" prefix="" appendix="" template="E:/smart/code/domain.tpl"><![CDATA[/\*\*CreateByCodeGeneratorStart\*/(.*?)/\*\*CreateByCodeGeneratorEnd\*/]]></create>
		<create type="dao" output="E:\Java\DeviceCloud\cloud.dao\src\main\java\cloud\dao\" exten=".java" prefix="" appendix="Mapper" template="E:/smart/code/dao.tpl"><![CDATA[/\*\*CreateByCodeGeneratorStart\*/(.*?)/\*\*CreateByCodeGeneratorEnd\*/]]></create>
		<create type="mapper" output="E:\Java\DeviceCloud\cloud.dao\src\main\java\cloud\mapper\" exten=".xml" prefix="" appendix="Mapper" template="E:/smart/code/mapping.tpl"><![CDATA[<\!--CreateByCodeGeneratorStart-->(.*?)<\!--CreateByCodeGeneratorEnd-->]]></create>
		<create type="service" output="E:\Java\DeviceCloud\cloud.service\src\main\java\cloud\service\" exten=".java" prefix="I" appendix="Service" template="E:/smart/code/service.tpl"><![CDATA[/\*\*CreateByCodeGeneratorStart\*/(.*?)/\*\*CreateByCodeGeneratorEnd\*/]]></create>
		<create type="serviceImpl" output="E:\Java\DeviceCloud\cloud.service\src\main\java\cloud\service\impl\" exten=".java" prefix="" appendix="Service" template="E:/smart/code/serviceImpl.tpl"><![CDATA[/\*\*CreateByCodeGeneratorStart\*/(.*?)/\*\*CreateByCodeGeneratorEnd\*/]]></create>

	</creates>
</config>