<?xml version="1.0" encoding="UTF-8"?>
<config>
	<database>
		<url>jdbc:mysql://10.0.7.207:3306/</url>
		<name>water</name>
		<username>root</username>
		<password>tym@E20xx_mysql</password>
	</database>
	<tables>		
	</tables>	
	<package>water</package>
	<output>D:/code/</output>
	<enumNamespace>water.enums</enumNamespace>
	<basePropertys>id,create_time,update_time</basePropertys>
	<creates>
		<create type="mapper" output="D:/smart/code/water\mapper\" exten=".xml" prefix="" appendix="Mapper" template="D:/smart/code/mapping.tpl"><![CDATA[<\!--CreateByCodeGeneratorStart-->(.*?)<\!--CreateByCodeGeneratorEnd-->]]></create>
	</creates>
</config>