<?xml version="1.0" encoding="UTF-8"?>
<config>
	<database>
		<url>jdbc:mysql://119.23.146.229:3306/</url>
		<name>zeus</name>
		<username>root</username>
		<password>xb_515253549_!@#</password>
	</database>
	<tables>
		
	</tables>	
	<skipTables>sys_dictionary,sys_dictionary_type</skipTables>
	<package>zeus</package>
	<output></output>
	<enumNamespace>zeus.enums</enumNamespace>
	<domainNamespace>zeus.domain</domainNamespace>
	<basePropertys>id,create_time,update_time,creator,modifier,regionNo,clientId</basePropertys>
	<creates>
		<create type="viewObject" output="E:\smart\zeus\zeus\zeus.domain\src\main\java\zeus\viewobject\{tableName}ViewObject.java" template="E:/smart/code/viewObject.tpl"><![CDATA[/\*\*\s*CreateByCodeGeneratorStart\s*\*/(.*?)/\*\*\s*CreateByCodeGeneratorEnd\s*\*/]]></create>
		<create type="domain" output="E:\smart\zeus\zeus\zeus.domain\src\main\java\zeus\domain\{tableName}.java" exten=".java" prefix="" appendix="" template="E:/smart/code/domain_zeus.tpl"><![CDATA[/\*\*\s*CreateByCodeGeneratorStart\s*\*/(.*?)/\*\*\s*CreateByCodeGeneratorEnd\s*\*/]]></create>
		<create type="dao" output="E:\smart\zeus\zeus\zeus.dao\src\main\java\zeus\dao\{tableName}Mapper.java" template="E:/smart/code/dao.tpl"></create>
		<create type="mapper" output="E:\smart\zeus\zeus\zeus.dao\src\main\java\zeus\mapper\{tableName}Mapper.xml" template="E:/smart/code/mapping.tpl"><![CDATA[<\!--CreateByCodeGeneratorStart-->(.*?)<\!--CreateByCodeGeneratorEnd-->]]></create>
		<create type="service" output="E:\smart\zeus\zeus\zeus.service\src\main\java\zeus\service\I{tableName}Service.java" template="E:/smart/code/service.tpl"></create>
		<create type="serviceImpl" output="E:\smart\zeus\zeus\zeus.service\src\main\java\zeus\service\impl\{tableName}Service.java" template="E:/smart/code/serviceImpl.tpl"></create>

		<create type="condition" output="E:\smart\zeus\zeus\zeus.dao\src\main\java\zeus\condition\{tableName}Condition.java" template="E:/smart/code/condition.tpl"></create>
		<create type="control" output="E:\smart\zeus\zeus\zeus.api\src\main\java\zeus\api\control\{tableName}Control.java" template="E:/smart/code/control.tpl"></create>

		<create type="add" output="E:\smart\zeus\zeus\zeus.web\src\main\webapp\page\{tableInstanceName}\add.html" template="E:/smart/code/add.tpl"></create>
		<create type="edit" output="E:\smart\zeus\zeus\zeus.web\src\main\webapp\page\{tableInstanceName}\edit.html" template="E:/smart/code/edit.tpl"></create>
		<create type="input" output="E:\smart\zeus\zeus\zeus.web\src\main\webapp\page\{tableInstanceName}\input.html" template="E:/smart/code/input.tpl"></create>
		<create type="list" output="E:\smart\zeus\zeus\zeus.web\src\main\webapp\page\{tableInstanceName}\list.html" template="E:/smart/code/list.tpl"></create>
	</creates>
</config>